{
  "active_transformations": [
    "KEEP_PRIMARY_KEY_MATCHING_RECORDS",
    "FORMAT_DATE",
    "ADD_TRAILING_SPACE_TO_PRIMARY_KEY_RECORDS"
  ],
  "transformations": {
    "REMOVE_LEADING_TRAILING_SPACES": {},
    "KEEP_PRIMARY_KEY_MATCHING_RECORDS": {},
    "REMOVE_UNICODE_CHARACTERS": {},
    "FORMAT_DATE": {
      "date_formats": [
        {
          "from_format": "%d/%m/%Y",
          "to_format": "%d/%m/%Y"
        },
        {
          "from_format": "%d/%m/%Y %H:%M:%S",
          "to_format": "%d/%m/%Y %H:%M"
        }
      ]
    },
    "REMOVE_LEADING_TRAILING_DELIMITERS": {
      "delimiters": [
        ":",
        ";"
      ]
    },
    "ADD_TRAILING_SPACE_TO_PRIMARY_KEY_RECORDS": {}
  }
}
